Month,DayOfWeek,CRSDepTime,UniqueCarrier,Origin,Dest,Distance,Delayed
12,5,1820,LH,ORD,SEA,226,0
2,3,655,DL,DFW,JFK,2578,1
6,2,2135,TP,LAX,PHX,2361,0
9,4,1715,UA,ATL,SEA,2198,1
5,2,835,IB,DFW,ATL,2711,1
9,1,915,B6,ATL,LAX,2731,1
3,7,745,DL,LAX,JFK,804,1
3,1,1600,WN,SFO,LAS,2973,0
4,7,1000,DL,SFO,LAS,2797,0
8,6,115,AA,MIA,FLL,2857,1
7,1,655,WN,ORD,ATL,289,1
6,2,2350,BA,DFW,ORD,978,1
10,6,1955,LH,SFO,LAS,2542,1
1,7,1750,LH,BOS,LAS,2144,1
12,7,2155,IB,ORD,SFO,1797,1
7,4,1840,DL,BOS,ATL,894,0
5,7,2255,TP,DFW,LAS,2476,0
3,6,1345,AA,ATL,JFK,2177,1
9,7,235,TP,MIA,ORD,1513,1
5,4,1940,AF,LAX,JFK,1855,1
3,1,700,BA,DEN,ATL,2943,0
10,3,400,IB,MIA,LAX,2128,1
10,2,650,TP,JFK,MCO,1731,1
3,6,345,DL,DEN,SFO,2641,1
9,4,2125,IB,JFK,ORD,2025,1
7,4,1445,WN,LAX,SEA,2035,1
8,2,1200,LH,JFK,ATL,1799,0
11,1,710,AA,DFW,ATL,619,0
5,7,1730,UA,MIA,LAX,1906,0
1,6,100,IB,ATL,PHX,2466,0
6,3,1630,LH,ATL,MCO,2518,0
4,4,1650,DL,ATL,MCO,2022,0
5,6,1230,DL,JFK,ORD,1744,0
5,1,2335,AF,SEA,LAS,1783,0
7,5,1450,TP,ORD,LAS,2087,1
4,1,1330,DL,SEA,PHX,2112,0
8,5,2230,LH,BOS,SEA,2426,0
6,2,1140,LH,DEN,LAS,2997,0
3,4,2040,IB,DFW,FLL,232,0
9,5,2125,AF,JFK,ORD,1598,1
11,1,1755,TP,SFO,JFK,980,0
11,4,2245,BA,MIA,MCO,2215,1
8,5,1225,LH,BOS,SFO,1124,1
2,2,1300,TP,SFO,LAX,1823,0
8,5,900,AA,MIA,SFO,1963,1
6,6,2010,TP,MIA,LAX,2172,1
2,4,705,UA,DFW,SFO,1360,1
4,1,2245,AA,DEN,SFO,834,1
5,6,300,B6,DFW,ATL,1809,1
5,6,1755,DL,DEN,ORD,1202,0
11,7,1450,BA,JFK,FLL,2451,1
10,5,1540,UA,DEN,ATL,1465,1
1,4,2335,AF,ORD,LAX,1300,1
7,7,1350,AF,MIA,PHX,2634,0
7,6,630,B6,MIA,MCO,2179,0
10,6,420,AF,SFO,JFK,327,1
9,2,705,AF,SFO,ORD,799,0
8,6,50,UA,DEN,SEA,2859,1
1,5,705,UA,MIA,ORD,2307,1
8,6,2045,TP,LAX,JFK,1180,0
2,3,1935,TP,SEA,SFO,1896,0
7,5,20,UA,ORD,LAX,2096,0
5,2,2145,LH,ORD,PHX,1711,0
11,2,2005,BA,DFW,ORD,2770,0
7,3,2135,B6,SFO,ORD,474,0
5,6,1405,LH,BOS,LAX,1488,0
2,6,530,UA,JFK,FLL,2874,0
5,5,850,AA,LAX,FLL,1593,0
3,1,755,LH,DFW,ATL,1363,1
12,2,2105,B6,MIA,ORD,965,1
5,7,555,TP,MIA,SFO,1642,0
1,6,530,DL,MIA,MCO,2258,0
6,2,2355,WN,SEA,FLL,2412,1
11,2,1025,LH,DEN,JFK,2709,1
8,1,2320,DL,SEA,FLL,1711,0
7,1,1845,AF,DEN,ATL,2861,1
12,5,15,AF,LAX,PHX,1968,1
3,2,1745,B6,LAX,MCO,2657,0
3,7,430,IB,DEN,ORD,2259,0
2,6,125,WN,DEN,LAX,1197,0
12,7,1145,B6,LAX,PHX,1104,0
5,6,945,UA,JFK,LAS,2962,0
3,5,105,TP,SFO,LAX,2764,0
9,1,2210,IB,DEN,ATL,1393,0
1,2,110,UA,JFK,LAS,332,1
3,4,225,IB,BOS,LAS,1106,1
6,4,1635,TP,MIA,ATL,895,0
12,3,1605,IB,ORD,ATL,2269,1
10,5,140,LH,DEN,ATL,1267,1
2,7,1640,BA,DEN,MCO,1047,1
5,1,1535,WN,MIA,FLL,898,1
11,6,955,WN,MIA,FLL,2038,0
3,3,2330,LH,ATL,JFK,2332,1
3,4,1510,UA,JFK,SFO,1385,0
12,5,640,B6,JFK,PHX,2685,0
3,6,810,AA,JFK,SFO,1550,1
7,4,110,WN,BOS,ATL,2263,0
10,4,930,TP,JFK,LAS,1916,0
3,4,2315,AF,ATL,SEA,2788,1
9,1,755,IB,ORD,JFK,1864,0
4,6,805,UA,DFW,ORD,2881,0
11,6,915,TP,ATL,MCO,439,0
3,4,1005,UA,DEN,ORD,2482,1
11,1,1825,B6,MIA,LAX,738,0
4,2,235,LH,LAX,ORD,2446,1
4,3,1425,LH,ATL,PHX,497,0
12,3,1635,LH,SFO,SEA,695,0
2,5,1615,DL,JFK,FLL,2545,0
11,3,605,AA,SEA,MCO,2062,0
10,6,1145,TP,ATL,SFO,318,1
6,5,30,AA,JFK,ORD,600,1
8,3,2325,UA,SFO,MCO,2524,0
3,1,910,LH,BOS,FLL,467,1
7,5,910,AF,JFK,LAS,1077,0
10,2,2020,TP,DEN,JFK,1624,1
9,1,320,AF,ORD,SEA,2041,0
8,5,1325,TP,DEN,PHX,1406,1
9,2,2215,IB,JFK,SEA,1995,0
10,6,1925,TP,DFW,ATL,1097,0
11,7,555,UA,ATL,ORD,410,1
1,2,320,TP,ATL,SFO,2702,1
5,5,245,LH,SEA,ATL,2769,0
3,1,335,UA,JFK,PHX,2703,1
6,5,1145,AA,DFW,ORD,2011,1
10,4,1210,UA,BOS,FLL,2988,0
8,4,1145,AA,ORD,FLL,2241,0
3,5,1525,LH,MIA,JFK,1872,0
3,4,25,DL,JFK,PHX,1269,1
9,4,555,BA,MIA,SEA,2569,1
8,2,2305,AA,ORD,SEA,2334,1
12,4,840,WN,ORD,FLL,1312,0
3,2,130,WN,ORD,ATL,520,1
2,3,55,LH,ATL,SEA,1278,0
3,7,800,WN,DEN,ORD,2826,0
2,6,25,LH,DFW,LAX,735,0
8,1,925,DL,ATL,LAX,2972,1
8,4,2220,UA,DEN,ATL,992,1
8,1,1410,IB,ORD,JFK,2103,0
10,1,755,TP,DEN,LAX,381,0
5,1,1610,UA,DFW,SFO,1991,0
2,2,1045,AF,MIA,SFO,2900,1
10,4,2035,AF,ATL,LAX,1410,1
12,7,30,DL,BOS,ATL,2174,1
6,7,1445,WN,BOS,JFK,739,1
8,3,2305,UA,DFW,ATL,331,0
10,5,2015,AA,MIA,FLL,1516,0
8,7,1920,TP,LAX,SFO,2099,1
3,1,1725,LH,JFK,MCO,2804,0
4,6,915,AF,SFO,PHX,2732,1
10,7,1850,UA,SFO,JFK,779,0
5,3,825,AF,BOS,SEA,281,1
6,7,2255,AF,DEN,LAX,1640,1
9,1,1255,UA,ATL,MCO,825,0
11,3,1420,TP,DFW,LAX,2975,0
4,3,2255,B6,SFO,LAS,1536,0
5,2,2005,UA,DEN,ORD,925,0
7,6,1500,TP,DEN,FLL,905,1
4,6,2020,IB,DFW,ORD,2716,0
1,2,2040,IB,DFW,FLL,1050,1
6,3,1355,DL,ATL,LAS,2229,0
8,4,950,WN,DFW,PHX,442,0
6,6,815,TP,DFW,MCO,694,0
3,6,1430,TP,BOS,PHX,429,1
2,2,1755,WN,BOS,SFO,288,1
4,3,450,AA,ORD,JFK,2143,1
12,2,1730,B6,BOS,LAX,581,0
8,3,520,IB,LAX,SEA,1862,1
9,2,1325,WN,JFK,ORD,2134,0
8,3,1505,WN,ATL,ORD,730,1
3,5,1920,AA,ORD,PHX,2832,1
4,1,555,UA,LAX,SEA,2023,0
10,2,1055,DL,ORD,SFO,2978,1
10,1,1700,B6,BOS,PHX,2007,0
4,3,1505,LH,LAX,LAS,2791,1
7,6,1955,BA,ORD,FLL,2347,1
9,7,355,BA,JFK,SFO,869,1
6,7,2155,TP,DEN,ORD,1418,0
11,6,2230,LH,BOS,PHX,1872,0
11,4,300,UA,LAX,LAS,2088,0
5,5,2115,LH,SFO,JFK,2131,0
7,3,1010,DL,SEA,LAX,2731,0
8,2,2055,IB,ATL,SEA,2804,1
5,7,2010,LH,MIA,LAS,663,1
4,7,25,UA,ORD,SEA,2469,0
6,7,1600,AA,DEN,MCO,488,1
9,2,1845,TP,ATL,ORD,2900,1
2,5,2015,B6,JFK,PHX,1514,1
9,4,2025,AF,LAX,FLL,251,0
4,7,405,WN,DEN,PHX,691,1
5,6,1030,BA,ATL,LAS,890,1
6,2,1740,IB,ORD,MCO,1259,1
9,4,2115,WN,ORD,FLL,2534,1
5,6,1305,AF,JFK,PHX,2235,1
8,7,1140,DL,MIA,LAX,1903,1
10,2,545,TP,DFW,PHX,2687,0
12,1,2325,DL,JFK,SFO,647,0
3,4,750,LH,DFW,SEA,1528,0
9,4,100,WN,ORD,LAS,1352,0
4,3,1620,TP,DFW,ATL,916,1
6,6,905,WN,SFO,FLL,1226,0
1,1,1205,B6,SFO,PHX,1950,1
11,5,1345,B6,DFW,SEA,1697,1
4,7,1105,DL,SFO,FLL,1341,0
1,5,1435,AF,BOS,SEA,379,1
7,3,425,DL,DEN,SEA,1073,1
6,3,130,DL,SFO,ORD,2762,0
10,1,2150,WN,MIA,JFK,2408,1
4,5,2250,B6,SFO,ORD,928,1
12,4,1535,B6,BOS,SEA,529,0
1,2,1205,WN,BOS,LAX,2105,0
5,2,1740,TP,DEN,SFO,663,0
4,3,235,UA,SEA,LAS,2649,0
1,5,1915,TP,JFK,LAS,734,1
12,6,1050,BA,ORD,FLL,936,1
8,3,1235,AF,BOS,SEA,1518,0
1,4,900,TP,DEN,SFO,1148,0
11,1,1705,UA,ORD,ATL,841,0
8,1,1005,UA,BOS,FLL,2003,0
8,2,1520,IB,BOS,PHX,1227,1
6,2,1620,TP,MIA,PHX,538,0
1,3,740,AF,SFO,MCO,1329,1
10,5,315,DL,ATL,LAS,1450,0
4,6,1635,BA,MIA,JFK,427,0
5,4,1710,DL,LAX,MCO,1791,0
7,3,1950,IB,JFK,MCO,879,1
10,2,705,AA,LAX,JFK,328,0
5,7,1005,LH,ATL,ORD,2149,1
7,6,2245,TP,BOS,FLL,1248,1
12,2,2020,LH,ATL,FLL,2722,0
9,6,1920,AF,BOS,FLL,1422,1
2,5,1035,DL,DEN,LAS,2841,1
12,1,2300,AF,DFW,JFK,397,1
4,6,1645,TP,DFW,FLL,1359,0
10,2,1240,BA,BOS,ATL,1240,1
10,7,1255,LH,BOS,PHX,773,0
8,1,1225,UA,DFW,LAX,2740,0
6,7,545,LH,DFW,SFO,737,1
11,5,1445,IB,DEN,PHX,2267,0
11,6,2345,AF,DEN,SEA,1004,1
7,2,2155,UA,DFW,FLL,2636,1
6,7,2010,AA,JFK,LAS,2396,1
4,2,1245,DL,JFK,PHX,1912,0
5,1,1855,DL,DEN,ORD,819,1
5,4,210,WN,ORD,MCO,1999,1
3,6,735,TP,SFO,LAX,1149,1
9,7,1915,LH,DEN,FLL,2340,0
11,6,2315,DL,DFW,LAS,437,0
1,3,825,LH,ORD,SEA,1436,0
11,6,435,BA,SFO,PHX,479,0
5,4,825,DL,DFW,ATL,1509,0
11,7,1455,DL,ATL,LAX,1558,1
11,4,2030,TP,ATL,PHX,1736,0
2,3,2155,BA,SEA,SFO,1190,1
11,3,410,BA,ATL,SFO,940,0
7,6,340,AF,BOS,LAX,2810,1
6,6,1440,WN,DFW,PHX,1825,1
5,2,455,B6,DEN,LAX,2933,1
5,7,2015,IB,SFO,FLL,1022,1
10,5,1425,UA,LAX,JFK,839,1
5,3,50,DL,SEA,FLL,2422,0
4,6,2235,AA,SFO,JFK,749,1
6,1,835,AF,DFW,MCO,602,1
4,2,2345,TP,ATL,SEA,1730,0
11,6,1425,AF,MIA,SFO,1451,1
8,2,845,AF,DFW,PHX,1331,0
8,4,2305,AF,DEN,LAX,2077,0
1,2,1530,IB,DFW,PHX,843,1
7,7,1015,DL,LAX,ATL,1484,1
2,7,335,TP,MIA,PHX,2876,1
11,3,525,WN,ATL,ORD,2665,1
2,2,1600,TP,DEN,JFK,1679,0
10,5,1100,TP,ATL,LAX,1951,1
4,4,105,B6,SFO,SEA,414,1
6,1,450,BA,BOS,ATL,2175,0
12,3,1350,AA,SEA,LAS,1480,1
6,2,955,BA,ATL,SFO,1406,1
4,5,2245,IB,BOS,FLL,1105,0
3,6,305,LH,SFO,PHX,221,0
5,4,450,TP,ATL,MCO,1309,1
1,3,15,WN,DEN,JFK,2885,1
7,5,440,LH,SFO,ATL,2221,0
3,7,1125,TP,DEN,SEA,869,1
7,4,1320,TP,DFW,FLL,2529,0
4,6,400,DL,DEN,PHX,1643,0
5,4,815,LH,SFO,SEA,2111,1
11,7,2120,BA,DEN,LAX,2560,0
2,6,1700,TP,DEN,LAX,2175,1
2,3,300,UA,ATL,PHX,2751,1
6,5,835,AF,MIA,FLL,949,1
12,1,555,DL,SEA,ATL,2321,0
5,1,355,WN,BOS,JFK,1146,1
12,4,1720,DL,SEA,ORD,1515,0
7,6,335,BA,MIA,JFK,2644,0
3,7,300,B6,DFW,PHX,2237,0
10,3,510,TP,SEA,JFK,2452,1
1,2,2305,LH,BOS,JFK,2150,0
8,5,810,DL,ATL,JFK,2406,1
10,4,645,AA,SEA,ORD,2063,1
9,4,2145,IB,DFW,FLL,686,0
8,3,2355,TP,LAX,SEA,2053,0
9,3,2010,UA,MIA,SFO,752,0
7,5,1935,AF,ATL,FLL,1643,1
6,4,2350,LH,DFW,SFO,1321,1
10,3,1155,AA,LAX,SFO,1484,0
4,4,620,BA,JFK,LAX,1065,0
11,1,2355,LH,DEN,MCO,2777,0
11,4,5,AF,SEA,JFK,1259,0
8,3,1350,IB,SEA,ORD,605,0
6,7,1415,WN,LAX,PHX,2103,0
11,4,1600,LH,DEN,ATL,481,1
5,7,1735,B6,SFO,JFK,232,0
7,4,2150,AA,SEA,PHX,1856,0
12,5,1230,LH,SFO,LAS,1982,1
9,5,1215,TP,ATL,LAS,2615,1
11,6,2120,BA,MIA,SEA,386,0
2,6,2355,BA,ORD,FLL,352,0
8,5,2045,DL,MIA,LAS,996,0
6,3,155,WN,SFO,ORD,2529,1
11,4,245,TP,SEA,SFO,2658,1
1,3,1035,AA,DEN,JFK,388,1
12,1,755,IB,ATL,LAX,1993,0
10,1,1900,AA,ATL,ORD,2960,0
1,1,125,DL,ATL,FLL,2585,0
11,6,240,DL,BOS,PHX,2428,0
2,1,240,BA,MIA,ORD,507,1
1,3,15,WN,LAX,JFK,1016,0
10,5,55,LH,DFW,ATL,229,1
7,5,1430,AA,ORD,PHX,1447,1
7,5,2240,LH,SFO,LAX,1957,1
8,2,1915,AA,DEN,FLL,2851,1
8,4,125,B6,DFW,FLL,2278,0
2,7,950,TP,LAX,SEA,2839,1
11,1,1545,AA,ORD,LAS,2027,1
10,7,2115,WN,ORD,MCO,1302,1
8,3,320,AF,ATL,MCO,2737,1
7,6,515,BA,DEN,LAX,1553,1
2,5,655,B6,MIA,ORD,2781,1
4,3,2125,WN,BOS,SFO,2277,1
5,7,2340,DL,BOS,SEA,354,0
6,6,2150,TP,SEA,LAS,823,0
10,2,1950,LH,BOS,FLL,2832,0
6,2,2345,B6,DEN,MCO,1193,0
4,1,145,AA,DEN,JFK,2889,1
9,5,405,IB,DEN,FLL,2039,1
12,2,1225,DL,ORD,FLL,2455,1
9,7,2020,UA,BOS,JFK,2817,0
4,5,310,LH,ATL,SEA,2414,1
3,2,1800,AA,DEN,LAS,945,1
4,5,1450,AA,BOS,MCO,327,0
9,1,2320,TP,SFO,ATL,1231,1
1,3,1845,B6,ORD,SFO,2881,0
12,7,310,AF,SEA,PHX,1945,1
1,5,320,UA,SFO,JFK,778,1
10,4,1640,TP,DFW,LAS,1914,0
12,2,1415,AF,DFW,PHX,2334,0
2,1,2250,AA,ATL,JFK,2631,1
3,6,2225,UA,ORD,ATL,1213,0
12,4,1755,UA,ATL,SFO,1142,0
5,6,2205,WN,SEA,JFK,204,0
3,6,155,TP,SFO,SEA,1644,0
10,3,745,BA,DEN,FLL,1151,1
11,6,1215,AF,LAX,FLL,1959,0
2,4,945,AF,SEA,LAX,1479,0
3,1,10,AF,ORD,LAS,1286,0
1,1,1535,TP,LAX,LAS,899,1
7,7,1755,DL,SEA,MCO,1358,1
2,6,310,IB,ATL,LAS,2400,0
1,6,2205,BA,LAX,JFK,1665,1
1,6,1005,DL,SFO,FLL,2082,1
9,2,530,AF,DEN,PHX,2725,0
9,5,815,UA,SEA,ATL,1552,0
7,6,500,UA,DEN,LAS,614,1
3,4,220,BA,SEA,JFK,1108,1
12,2,1020,LH,ORD,FLL,1759,0
7,4,1305,IB,BOS,SEA,307,0
12,2,2210,AF,LAX,FLL,984,0
12,1,1255,DL,DFW,ORD,2796,0
12,6,815,AF,MIA,LAX,1222,1
2,2,1325,AF,ORD,PHX,1722,1
10,3,1905,TP,BOS,ORD,469,0
12,2,30,TP,ATL,FLL,2624,0
4,6,730,WN,DEN,LAS,378,0
12,1,550,WN,SFO,PHX,563,1
10,6,625,LH,DFW,ORD,1142,0
4,1,1625,B6,JFK,SEA,2592,1
2,3,1920,B6,MIA,ATL,2211,0
5,7,2205,BA,SFO,ATL,387,0
3,3,1525,AF,DEN,ATL,927,0
12,3,1520,WN,DFW,SEA,408,0
2,1,1520,UA,MIA,LAS,2150,1
10,5,1655,UA,MIA,LAX,398,1
1,7,150,WN,DFW,PHX,1559,0
11,5,1715,WN,SEA,JFK,2852,0
8,1,2200,IB,MIA,PHX,248,1
9,4,2320,AA,JFK,FLL,2394,0
2,6,600,TP,JFK,PHX,1017,0
8,3,1400,B6,BOS,PHX,2813,1
3,2,350,IB,DFW,ORD,305,0
11,4,110,IB,DFW,LAS,762,1
5,7,2215,LH,JFK,ORD,1776,1
2,4,2150,WN,MIA,PHX,2827,1
10,7,1725,B6,MIA,FLL,498,1
12,6,710,LH,MIA,LAS,2887,0
9,3,725,UA,SFO,JFK,1367,0
1,2,1500,BA,SEA,LAS,1767,0
1,6,1800,TP,DEN,ORD,2888,1
11,2,1920,AF,SFO,SEA,580,1
1,1,840,DL,JFK,ATL,488,1
10,5,1525,LH,SFO,LAX,944,0
2,2,1030,AA,MIA,ATL,1476,1
8,5,1400,WN,MIA,SFO,581,0
6,1,1820,IB,DFW,SEA,2013,1
7,5,1815,IB,LAX,SFO,1243,0
5,7,240,BA,BOS,ORD,834,1
5,6,130,WN,ATL,FLL,2906,1
5,7,1140,TP,MIA,ATL,1737,0
3,7,210,IB,JFK,LAS,2639,1
10,1,2205,AA,SEA,PHX,2416,0
11,2,1010,TP,SEA,MCO,2777,1
12,1,2050,LH,LAX,MCO,2342,1
8,6,500,UA,ATL,FLL,343,1
5,2,505,B6,DEN,ATL,1475,1
4,7,1405,IB,JFK,LAS,2723,1
8,7,2240,AF,BOS,JFK,710,0
9,2,735,BA,DEN,SFO,1867,0
9,1,355,B6,MIA,ORD,1324,1
2,1,1445,AF,DFW,MCO,1945,0
9,2,1405,UA,SFO,FLL,2986,0
1,7,2005,AF,BOS,FLL,647,0
5,3,1035,LH,ATL,LAS,2196,1
8,5,715,AA,DEN,SFO,2611,1
6,7,2110,LH,ATL,PHX,750,1
4,7,1130,DL,MIA,MCO,1264,1
11,6,115,TP,SFO,PHX,2061,1
5,3,1440,UA,JFK,SFO,2453,0
7,1,300,B6,ORD,PHX,1176,0
2,3,1945,B6,ORD,SEA,1000,0
8,6,1115,AF,ATL,LAS,2945,0
6,5,2030,AF,SFO,LAS,1524,1
9,1,220,B6,DFW,FLL,1992,1
5,7,1815,LH,SFO,JFK,2625,0
12,5,250,LH,SEA,LAS,2397,0
5,7,340,DL,DEN,PHX,2957,0
11,4,1450,TP,DEN,FLL,2512,0
8,5,1605,IB,ATL,LAX,961,0
2,6,2130,B6,BOS,MCO,1536,0
8,5,2340,IB,SFO,LAS,1554,0
11,3,1720,AF,MIA,SFO,2446,1
4,3,425,LH,DEN,SFO,938,1
11,7,950,AF,LAX,JFK,1783,1
9,7,1905,IB,SEA,ORD,926,1
1,1,2315,AA,MIA,JFK,2720,1
7,7,230,LH,ORD,PHX,2761,1
5,4,1355,DL,MIA,MCO,2934,1
4,3,1925,LH,LAX,LAS,2917,0
5,1,1250,TP,JFK,ORD,1311,1
6,3,2040,DL,DFW,PHX,1837,0
3,6,2345,LH,SEA,LAX,1008,0
12,2,225,DL,BOS,PHX,2912,1
6,1,1405,B6,DFW,ORD,2214,1
10,6,415,WN,MIA,FLL,2088,0
8,5,1140,AF,DFW,MCO,2236,0
1,1,2250,B6,SFO,LAX,2349,1
8,5,1250,AA,BOS,PHX,915,1
7,6,1115,UA,SFO,SEA,875,1
1,5,1135,UA,MIA,PHX,514,0
1,5,1815,TP,DFW,FLL,410,0
10,6,740,WN,LAX,PHX,1970,1
7,4,2050,AF,DEN,LAX,1570,0
8,5,2215,LH,SEA,LAX,1042,0
11,1,1005,B6,BOS,FLL,1162,0
1,4,1555,LH,SEA,JFK,2016,0
10,1,20,IB,ATL,PHX,1108,1
1,2,145,IB,DFW,ATL,2291,1
3,7,1715,BA,ORD,JFK,2601,0
12,7,1900,UA,MIA,SFO,524,0
11,2,330,B6,LAX,MCO,1338,0
1,1,1555,BA,BOS,JFK,2677,1
6,4,10,DL,LAX,JFK,2917,1
8,2,0,TP,SFO,ATL,2951,1
3,6,110,IB,JFK,ATL,1257,1
10,6,100,IB,JFK,LAS,2592,0
3,4,1620,LH,SFO,JFK,1741,1
9,7,1000,TP,JFK,LAX,1583,1
10,4,955,IB,LAX,SFO,1590,0
7,7,635,AA,MIA,ATL,1632,0
8,3,2240,LH,MIA,FLL,817,0
7,2,1920,BA,SEA,JFK,1209,0
4,2,1415,DL,SEA,ATL,1584,1
6,7,1505,DL,ORD,ATL,2733,1
7,3,835,UA,MIA,LAX,2104,1
2,7,1740,AF,SFO,JFK,1389,0
1,3,1745,IB,JFK,LAS,812,1
4,1,1630,AA,ATL,SEA,2500,0
9,7,505,AF,JFK,FLL,1474,1
1,6,2225,AA,ORD,MCO,1478,1
9,5,2150,AA,LAX,MCO,1073,1
5,1,1225,BA,BOS,LAS,799,0
4,7,255,LH,DFW,SFO,445,0
11,2,2305,IB,BOS,LAS,2815,1
9,5,1735,AF,LAX,LAS,2587,1
1,1,1400,DL,DEN,MCO,2238,1
1,1,1740,LH,SEA,LAX,200,1
10,5,335,IB,JFK,FLL,2071,1
1,3,1735,B6,BOS,LAS,1237,0
5,7,1550,WN,DFW,SEA,1179,0
2,2,1750,TP,ORD,LAS,1622,1
1,2,2300,IB,BOS,LAS,2484,1
7,1,1855,WN,SEA,LAS,280,0
10,7,805,AA,MIA,JFK,1767,1
6,2,1030,B6,LAX,JFK,1314,0
11,4,605,BA,JFK,MCO,613,0
8,7,1430,AF,DEN,SEA,885,1
4,2,2150,WN,SEA,PHX,2840,0
3,6,2145,UA,LAX,SFO,2682,1
3,3,425,AF,SFO,LAS,2309,0
3,3,820,IB,BOS,SFO,2566,1
10,6,1250,AF,ORD,SEA,2079,0
8,3,20,UA,BOS,LAS,2038,1
10,6,625,IB,ORD,SEA,1441,0
7,7,1150,TP,LAX,SFO,2083,0
4,1,1635,UA,JFK,MCO,1728,0
3,3,2140,DL,MIA,SFO,1611,0
5,4,1900,UA,SEA,MCO,2317,1
1,1,325,B6,DEN,FLL,1365,0
10,6,2025,BA,JFK,PHX,1167,0
8,6,400,B6,SEA,JFK,352,0
4,1,1800,B6,DEN,JFK,1622,0
10,6,1245,BA,BOS,PHX,2373,0
9,1,520,BA,DFW,LAX,1465,0
2,1,555,AF,ATL,SFO,507,1
8,6,1155,WN,JFK,SFO,751,1
10,4,1135,IB,BOS,MCO,2410,1
9,5,1140,DL,ORD,FLL,1504,1
2,6,945,IB,ATL,PHX,1062,0
8,1,1125,TP,SFO,ATL,1895,0
11,4,505,LH,MIA,SFO,2515,0
10,6,1300,LH,BOS,MCO,2341,1
5,1,1435,AF,LAX,PHX,293,1
9,2,925,LH,ATL,LAX,363,0
4,3,740,B6,JFK,FLL,2835,1
10,7,1235,WN,DFW,LAS,2781,1
4,7,2010,DL,MIA,JFK,2241,0
9,1,1535,B6,DEN,JFK,2292,0
2,6,1840,IB,DFW,MCO,2535,1
11,7,2055,IB,SEA,PHX,2198,0
5,7,2115,WN,ORD,LAX,1832,0
3,5,2000,LH,DEN,FLL,2910,1
6,5,1950,UA,JFK,ATL,1994,0
7,5,1935,DL,SEA,LAS,2367,0
3,6,130,IB,LAX,SFO,1343,1
3,7,545,LH,LAX,PHX,1184,0
7,2,10,UA,ATL,SEA,1926,1
7,1,1350,BA,DEN,LAX,735,0
10,4,2150,B6,JFK,ORD,1863,0
8,1,1400,DL,ATL,SEA,1952,0
2,1,115,UA,DFW,FLL,1542,0
9,1,1310,DL,JFK,LAX,2783,0
3,7,335,BA,LAX,ORD,2637,1
1,4,1525,AF,MIA,SEA,2516,1
7,4,2050,DL,ORD,LAX,1766,1
5,6,2115,B6,MIA,JFK,1283,0
6,1,2135,IB,ORD,PHX,1077,0
7,1,1830,BA,SFO,ATL,967,0
7,2,750,LH,ORD,FLL,2426,1
5,2,2345,AA,DEN,MCO,1266,1
11,4,2215,AF,ATL,PHX,2186,1
8,5,5,TP,DFW,SEA,1965,0
10,1,5,LH,SFO,MCO,1137,0
12,1,2355,AF,JFK,SFO,1459,0
4,1,35,BA,LAX,MCO,1484,0
10,2,1050,IB,SFO,LAS,1341,0
11,5,200,BA,DFW,PHX,646,1
4,2,1715,IB,DEN,LAX,2861,0
4,2,1840,DL,SFO,LAX,1142,0
6,3,940,LH,ATL,JFK,1742,0
4,6,2240,AA,MIA,LAS,674,1
9,6,455,DL,ATL,LAS,320,1
9,3,25,LH,DFW,ORD,2645,1
6,3,630,UA,MIA,LAS,1724,1
12,6,640,AA,ATL,FLL,1531,0
10,5,2155,AF,DFW,ATL,1486,0
9,1,1935,AA,DFW,ATL,1123,1
5,3,1615,B6,ORD,ATL,432,1
4,3,1650,DL,LAX,JFK,327,1
5,4,405,AF,DFW,JFK,967,0
6,7,2305,TP,SEA,LAS,1480,0
5,2,1305,IB,LAX,LAS,1360,0
8,5,1940,UA,SEA,ATL,759,0
1,5,1040,WN,SFO,LAX,980,1
7,2,2220,BA,LAX,SEA,623,1
5,4,1855,LH,SEA,LAX,2543,1
4,6,830,AA,ATL,JFK,1646,1
7,2,50,IB,DEN,LAX,842,1
1,7,910,DL,BOS,ORD,863,0
5,7,1710,DL,DEN,JFK,1698,0
1,6,1205,TP,BOS,JFK,2461,0
7,3,1500,LH,DFW,JFK,2409,0
12,6,105,DL,BOS,PHX,1990,0
2,1,410,IB,LAX,JFK,328,1
3,4,220,BA,ORD,SEA,1527,1
2,1,1815,AF,BOS,LAS,2467,1
8,6,1610,DL,DEN,JFK,2810,0
11,4,535,IB,SEA,PHX,2383,0
3,2,35,AA,DEN,MCO,2238,1
2,5,1350,TP,JFK,ATL,832,0
4,4,2020,LH,LAX,FLL,2246,1
6,7,1230,AF,ATL,JFK,2069,1
3,2,605,WN,DEN,MCO,942,1
2,2,1230,AF,ATL,FLL,2642,0
5,3,715,DL,MIA,JFK,2608,0
11,6,230,LH,BOS,PHX,257,0
8,6,815,WN,ORD,MCO,1138,1
5,2,240,LH,ATL,ORD,2507,0
3,5,1550,LH,SEA,ORD,2401,0
5,5,1115,WN,JFK,FLL,1886,1
2,3,125,TP,MIA,LAX,1375,0
9,3,1700,BA,SFO,FLL,1053,1
5,5,415,AF,MIA,SEA,2872,1
5,7,1510,LH,LAX,FLL,987,1
12,7,1640,B6,ATL,SEA,570,1
1,3,105,LH,DEN,FLL,970,0
3,3,720,AF,DEN,ATL,1430,1
11,7,1325,WN,ORD,LAS,2315,1
3,7,750,TP,SEA,LAS,2002,1
11,5,1445,B6,ATL,LAS,2619,1
3,1,1320,UA,SEA,MCO,2183,0
10,5,1250,DL,BOS,LAX,1041,1
9,2,1820,AF,DFW,MCO,2307,0
6,5,2155,WN,ATL,LAX,1809,1
4,6,1850,AF,ATL,LAX,2974,0
3,2,1750,IB,MIA,ORD,440,0
12,3,555,LH,ORD,PHX,642,0
7,4,1530,LH,ATL,SFO,1638,1
11,7,1155,B6,BOS,SEA,635,1
6,5,2250,BA,DEN,SFO,1688,1
5,2,2335,DL,SFO,ORD,2855,0
5,4,105,LH,BOS,SFO,1345,1
5,6,205,WN,SFO,FLL,885,1
8,6,2205,AF,LAX,SEA,781,1
9,4,2050,DL,MIA,FLL,1123,1
5,7,1650,AF,ATL,JFK,743,1
7,4,2105,AF,JFK,SFO,2390,1
4,2,855,B6,MIA,PHX,1907,1
3,7,1700,B6,JFK,LAS,203,1
8,3,210,TP,JFK,LAS,429,1
2,2,630,AA,LAX,FLL,1919,0
11,7,1830,BA,DFW,ATL,2731,0
6,7,1020,LH,DEN,MCO,1293,1
7,3,2010,B6,MIA,MCO,681,1
4,2,1035,B6,DFW,SEA,2948,1
6,3,1850,AA,ATL,ORD,1841,0
2,7,1435,LH,JFK,ORD,2897,1
12,5,1035,UA,SEA,LAS,302,1
6,3,130,UA,LAX,PHX,1791,1
12,6,345,DL,ATL,PHX,305,0
1,5,840,WN,ATL,LAX,2592,0
3,7,1130,DL,DEN,LAS,1488,0
7,1,340,IB,ORD,MCO,591,1
2,1,2100,LH,ATL,LAX,1018,1
6,1,1305,TP,LAX,PHX,675,0
12,7,1055,DL,ORD,SFO,664,1
5,1,1450,B6,LAX,LAS,1250,0
10,6,2000,AA,ATL,SFO,573,1
5,6,1805,IB,DEN,LAS,230,1
12,3,435,BA,DEN,SFO,2406,0
9,7,530,BA,MIA,PHX,2212,1
5,4,100,IB,DEN,PHX,2527,1
2,7,245,DL,SEA,SFO,2778,0
11,6,1215,IB,SEA,FLL,1213,0
2,2,325,LH,LAX,ORD,1705,0
2,4,2000,AF,ATL,LAS,219,1
9,1,2050,BA,LAX,MCO,1377,0
12,6,150,UA,ORD,LAS,1282,1
10,5,905,WN,SFO,FLL,1782,0
4,5,2055,BA,DFW,MCO,2378,1
9,4,745,LH,DEN,LAS,1198,1
6,1,300,IB,BOS,ORD,220,1
8,2,1800,IB,SEA,SFO,2488,0
10,3,1510,BA,ORD,JFK,1556,1
5,6,1200,DL,DFW,LAX,867,1
3,6,415,LH,SFO,MCO,1578,0
2,2,1820,LH,DEN,PHX,1409,0
4,2,1625,BA,SEA,LAS,555,0
9,2,1605,UA,JFK,SEA,490,1
2,4,2005,B6,SFO,LAS,1545,0
3,4,745,AA,LAX,JFK,1096,1
6,1,25,B6,JFK,ORD,2854,0
3,3,640,IB,DEN,LAS,1023,0
3,3,520,UA,LAX,JFK,2637,0
7,2,1645,LH,ORD,SFO,2131,0
10,7,1130,DL,DFW,SEA,1281,1
12,7,210,AF,LAX,SEA,1124,0
4,4,1545,IB,LAX,LAS,2377,1
9,2,735,LH,DFW,LAX,1780,0
2,5,2305,LH,DEN,ATL,1529,1
12,7,535,AF,LAX,FLL,1485,1
11,5,800,WN,SEA,MCO,2480,0
9,6,2100,WN,DEN,ORD,1673,1
1,2,1455,B6,MIA,JFK,1570,1
11,5,530,AA,LAX,MCO,2189,0
10,5,640,BA,LAX,SEA,690,1
1,4,1830,DL,SFO,LAS,2822,0
5,4,355,IB,DEN,LAS,668,0
9,4,235,AA,JFK,ATL,1977,0
9,3,140,LH,ORD,ATL,1933,1
1,1,2210,AF,LAX,SFO,2156,0
1,7,2035,UA,MIA,SEA,1339,0
7,6,145,B6,BOS,FLL,396,1
8,6,440,IB,BOS,SFO,2117,0
10,5,1350,AA,DEN,JFK,2590,0
10,1,2015,BA,LAX,MCO,1283,0
9,3,1115,WN,SEA,JFK,315,0
3,6,1925,BA,DEN,SFO,1479,1
9,2,1820,DL,MIA,PHX,2817,0
6,4,150,TP,MIA,LAX,1527,1
4,1,145,TP,ORD,JFK,2828,1
3,7,500,WN,LAX,ATL,2706,1
2,1,210,AF,DEN,ORD,1326,0
9,4,5,TP,DFW,SFO,1810,0
5,4,2155,UA,DEN,FLL,1845,1
2,3,610,AF,SEA,ORD,2409,0
8,2,130,UA,ORD,MCO,261,1
1,5,2005,IB,SFO,ATL,2802,0
4,7,1245,UA,BOS,PHX,2798,0
4,7,610,UA,SFO,PHX,2240,0
10,6,805,AA,BOS,LAS,1832,1
4,2,1050,DL,DFW,LAS,2559,1
11,7,420,IB,DFW,JFK,672,0
5,1,940,TP,MIA,SEA,2207,1
4,7,105,BA,MIA,MCO,1348,0
4,1,300,TP,LAX,ATL,452,0
6,7,410,TP,ORD,MCO,516,0
1,2,1130,DL,ORD,LAS,2523,0
8,2,2025,UA,JFK,LAX,1367,1
12,6,1140,TP,SFO,SEA,1320,0
5,4,420,WN,LAX,ATL,652,1
10,4,1530,LH,SEA,LAS,219,1
6,5,1515,AF,DFW,FLL,1209,0
12,1,1650,IB,SEA,ATL,2237,1
12,2,605,LH,DEN,SFO,611,0
11,4,1510,IB,JFK,LAX,2851,1
11,4,1055,WN,ATL,PHX,474,1
7,3,1805,AA,ATL,PHX,1821,1
2,3,2115,AF,ORD,LAX,2321,1
12,5,1640,BA,ORD,LAS,2732,1
6,4,545,IB,ATL,SFO,678,1
7,6,2115,IB,MIA,SEA,1213,0
12,4,950,IB,DFW,ORD,2853,1
1,3,825,WN,ORD,SFO,750,1
10,3,1450,IB,BOS,ATL,2900,1
12,2,2345,LH,LAX,FLL,682,1
8,6,600,WN,ATL,LAX,2628,1
12,6,355,UA,LAX,ORD,2040,1
2,1,1115,LH,SEA,PHX,1513,1
2,3,300,BA,MIA,ATL,1047,1
4,5,625,WN,DFW,SFO,2978,0
1,5,325,AF,MIA,LAX,1459,0
8,2,1950,TP,DEN,JFK,1430,1
3,5,1725,AA,DEN,SEA,2944,0
3,1,1725,LH,SFO,PHX,790,0
9,5,540,WN,ATL,LAS,2372,0
7,4,1715,AA,MIA,ORD,758,1
3,4,2315,BA,JFK,SEA,2255,1
1,5,2315,UA,MIA,PHX,2772,0
1,7,815,WN,DFW,LAX,2402,0
3,3,1515,LH,ATL,FLL,1123,0
12,3,1630,DL,JFK,MCO,1725,0
7,7,1755,LH,DEN,PHX,1167,1
12,5,1800,LH,ATL,FLL,911,1
8,5,1605,BA,JFK,FLL,581,1
12,6,1520,UA,BOS,ORD,774,0
3,6,1410,AF,MIA,SEA,2683,0
4,1,255,WN,DEN,JFK,2190,0
2,5,2120,IB,SFO,PHX,1840,1
3,6,320,B6,LAX,SEA,1828,1
1,6,1720,B6,SEA,LAX,1123,1
11,7,245,UA,ATL,ORD,1766,0
4,5,515,LH,SFO,ORD,2626,1
4,6,2055,DL,SEA,JFK,611,0
2,2,1345,LH,MIA,FLL,936,1
8,4,120,TP,SFO,ORD,2156,0
9,1,550,IB,ATL,ORD,2757,0
5,5,2155,DL,MIA,PHX,2953,0
2,7,1110,WN,DFW,ATL,1438,0
7,7,2335,IB,MIA,ORD,2043,0
3,3,130,AF,SEA,PHX,409,0
8,7,335,AF,BOS,FLL,2263,0
7,3,725,B6,MIA,FLL,1740,0
3,4,525,IB,SEA,LAX,2516,1
1,3,1425,LH,SFO,ATL,1582,0
4,1,1945,LH,LAX,SEA,425,0
2,7,355,DL,LAX,SFO,1726,0
7,6,630,B6,BOS,ORD,2923,0
11,1,1850,DL,ORD,ATL,200,1
8,6,1810,TP,MIA,ATL,2851,1
7,1,1815,AF,SEA,SFO,1125,0
11,3,2340,DL,BOS,LAS,2707,1
3,7,1805,TP,LAX,JFK,256,0
4,5,100,IB,SEA,FLL,359,0
7,2,1805,UA,DEN,FLL,632,1
4,7,1810,LH,DEN,ORD,2752,1
8,7,1630,AA,DEN,FLL,660,1
11,5,1810,WN,SEA,ATL,1946,1
5,7,1505,BA,JFK,PHX,719,1
12,7,335,BA,DFW,SFO,1445,0
10,2,1255,TP,DFW,JFK,342,1
6,6,10,UA,SFO,LAX,2602,1
2,5,5,BA,DFW,JFK,1009,0
9,2,640,UA,MIA,ORD,1775,1
10,6,1500,UA,SEA,FLL,1610,0
9,5,15,AA,ATL,LAS,2604,0
1,6,1750,LH,JFK,FLL,2946,0
6,2,1730,WN,LAX,LAS,2742,0
12,5,5,AF,DEN,LAX,386,0
9,2,900,LH,LAX,MCO,2042,0
2,2,300,LH,SEA,ORD,1028,1
7,5,1010,DL,SFO,MCO,845,1
5,7,1615,UA,ATL,LAS,697,0
1,2,755,WN,LAX,SEA,2675,0
7,6,1525,DL,ATL,ORD,1216,0
11,7,250,AF,ATL,FLL,2946,0
5,2,315,AF,JFK,MCO,2792,1
3,3,425,AA,JFK,FLL,1374,1
10,4,945,WN,ORD,LAS,2983,1
4,3,2005,UA,LAX,FLL,2373,0
2,5,1125,B6,BOS,FLL,1332,1
9,2,500,AF,SEA,MCO,2445,1
12,6,1015,AF,ORD,JFK,601,1
1,1,320,LH,BOS,JFK,2731,1
6,4,610,B6,ORD,JFK,2594,0
12,6,2040,AF,ORD,SFO,783,1
11,1,215,UA,ATL,PHX,685,0
10,6,630,DL,ORD,SEA,2184,1
7,7,2005,DL,SFO,FLL,1437,1
1,1,1310,TP,JFK,PHX,754,0
4,5,1910,DL,LAX,ORD,1739,1
9,5,2300,AF,LAX,SFO,1986,0
9,2,1350,BA,DFW,PHX,1519,1
9,1,230,B6,ORD,PHX,2959,1
5,5,1500,B6,MIA,JFK,2798,1
7,6,930,UA,DEN,FLL,2444,0
3,4,240,IB,LAX,FLL,1405,1
3,6,2125,B6,BOS,ORD,2880,1
5,7,440,AF,DEN,FLL,621,1
4,7,1900,WN,SFO,ORD,1335,0
3,2,825,WN,DEN,SEA,1294,0
10,4,1330,AF,MIA,ATL,371,1
9,1,1920,B6,DFW,ORD,1327,1
5,7,400,UA,DFW,MCO,1408,1
4,6,1030,TP,DEN,FLL,1014,1
5,1,305,IB,SEA,ORD,2347,0
2,3,1200,IB,LAX,LAS,1395,0
4,6,705,LH,ORD,SFO,2129,1
11,3,2230,UA,MIA,SEA,2497,0
1,5,0,BA,MIA,SFO,2379,0
7,1,1845,WN,JFK,ATL,859,1
9,1,1555,AF,DEN,FLL,326,1
12,2,1300,WN,ATL,ORD,934,0
11,7,2210,BA,ATL,JFK,1237,1
11,6,1430,LH,SFO,LAS,1738,0
11,6,1215,IB,ORD,FLL,2292,1
12,2,1040,DL,SEA,LAS,2108,0
4,7,1855,TP,SEA,PHX,2559,1
6,4,2300,TP,SEA,LAX,1365,1
8,7,315,AF,LAX,SFO,1984,0
7,2,1415,AF,BOS,ORD,2583,1
11,1,1335,AA,JFK,ORD,1757,1
4,7,135,WN,JFK,MCO,407,1
5,4,1955,UA,ATL,SFO,2298,1
9,3,2035,BA,JFK,ATL,1998,1
5,4,1345,TP,BOS,LAS,502,0
4,3,1700,AA,ATL,LAX,961,1
4,7,1720,AA,DEN,PHX,2644,0
8,6,25,BA,DFW,SFO,1556,0
4,2,430,WN,BOS,SFO,951,0
12,6,1605,IB,DFW,SFO,2343,1
8,6,800,B6,JFK,SFO,1092,0
10,3,1740,LH,ORD,SFO,2176,1
11,4,920,UA,ATL,PHX,2219,0
11,3,0,WN,ORD,ATL,1202,0
12,2,1900,AA,ATL,LAS,2761,1
7,4,1750,AA,SFO,PHX,1069,1
11,6,100,IB,LAX,SFO,583,0
4,6,150,BA,DEN,ATL,1514,1
2,3,1440,AA,ORD,JFK,302,1
4,1,410,TP,SFO,LAS,344,0
9,3,25,UA,ATL,PHX,2110,1
11,7,1600,AF,DEN,JFK,1141,0
1,2,500,DL,DEN,LAS,2194,1
11,6,1415,IB,ORD,SFO,1894,0
2,6,540,UA,ORD,FLL,855,0
11,1,230,DL,SEA,LAX,1805,1
2,3,800,LH,SFO,FLL,1358,0
9,4,1915,UA,JFK,LAS,1513,1
2,5,0,DL,ORD,FLL,250,0
9,5,905,UA,DFW,JFK,2294,0
2,7,2135,IB,ATL,ORD,2451,0
12,6,1420,DL,DFW,ATL,1281,1
9,4,2255,LH,ORD,ATL,2845,1
1,3,1940,B6,MIA,SEA,1583,1
10,3,1540,UA,DEN,FLL,2788,1
3,4,2320,AF,BOS,SEA,883,0
4,5,1800,WN,MIA,LAS,1269,1
6,5,835,IB,DFW,ORD,1408,0
5,5,955,B6,ORD,PHX,1049,0
4,5,1535,LH,SFO,PHX,2674,1
2,5,935,AF,ORD,SEA,1285,0
2,7,2010,AA,LAX,ATL,2987,0
1,5,1550,UA,ORD,ATL,668,0
10,5,220,LH,BOS,SEA,1060,1
6,1,120,AF,ATL,ORD,2135,0
9,4,1955,LH,ORD,ATL,354,1
7,5,2050,WN,MIA,SEA,1582,0
11,4,1710,AA,ORD,PHX,1379,0
10,4,1405,IB,ATL,LAX,1606,0
6,5,1250,LH,MIA,ATL,955,0
11,2,2045,UA,SFO,LAS,2541,1
6,7,2315,LH,ATL,JFK,2029,1
1,2,805,AA,SFO,LAS,1064,0
2,3,2300,B6,ATL,SEA,1153,1
5,7,905,UA,BOS,ORD,2128,1
9,6,1515,IB,DEN,ATL,1317,0
1,3,2345,WN,ATL,FLL,2361,0
4,2,840,DL,ORD,MCO,429,1
5,2,1620,AA,JFK,SFO,2774,0
9,7,2345,TP,MIA,LAS,1299,0
3,5,955,IB,ORD,ATL,2345,1
6,1,1245,BA,JFK,SFO,2887,1
8,7,215,BA,DEN,SEA,1969,1
9,4,1245,BA,ATL,LAX,2917,1
2,2,1425,DL,ATL,SEA,1865,0
5,7,450,DL,SEA,SFO,1440,0
2,4,1020,IB,SEA,FLL,2328,1
12,3,1910,BA,SEA,ORD,1046,0
5,4,1705,WN,LAX,SEA,407,0
12,4,2240,TP,SFO,ORD,2713,1
4,5,1055,UA,BOS,PHX,2118,1
6,6,2030,B6,DFW,FLL,1311,1
8,3,2340,BA,MIA,ATL,1204,0
2,5,345,DL,ORD,SFO,1208,0
1,4,240,BA,DEN,JFK,1073,0
3,3,1100,TP,DEN,LAX,2184,0
2,1,1145,LH,LAX,LAS,1283,0
3,6,930,UA,MIA,SEA,2721,1
10,5,2250,UA,LAX,LAS,353,1
10,3,1700,BA,JFK,LAS,2120,1
8,2,1000,B6,JFK,LAX,1401,0
7,5,1530,AA,BOS,SFO,1854,1
9,2,1015,TP,SEA,JFK,2620,1
2,3,920,DL,BOS,LAS,2889,0
5,1,1915,DL,MIA,ATL,1277,1
4,4,1040,B6,SFO,MCO,2567,0
11,7,1440,BA,LAX,FLL,1681,0
11,4,1105,AF,DFW,LAX,1612,0
9,7,1235,IB,BOS,LAX,378,0
8,5,1555,UA,ORD,LAS,2344,1
3,7,2120,AA,ATL,MCO,527,1
11,7,120,DL,ATL,SFO,2886,0
11,5,1050,UA,DFW,PHX,2290,1
3,3,1720,UA,ORD,FLL,2594,0
11,1,2020,TP,BOS,MCO,2178,0
6,1,1110,TP,DEN,ORD,1244,0
3,4,310,TP,LAX,FLL,2597,1
2,2,1500,IB,ORD,SFO,783,0
11,7,330,UA,MIA,SFO,2005,1
2,6,1630,DL,DEN,FLL,2095,0
1,6,220,WN,DFW,MCO,1429,1
11,4,520,UA,SFO,ATL,1346,1
8,4,1210,B6,LAX,FLL,1719,1
12,3,840,LH,DEN,PHX,2555,1
11,3,1805,BA,SEA,LAS,1625,0
10,6,435,AA,LAX,SFO,944,0
12,7,130,BA,ATL,SEA,1692,0
6,5,2215,LH,BOS,ATL,2706,1
11,1,850,TP,LAX,LAS,1531,1
1,3,845,LH,LAX,FLL,2680,1
8,5,2225,LH,DFW,LAX,1089,0
1,1,2130,AA,ATL,SEA,756,1
6,5,830,LH,SEA,ATL,1604,1
8,6,200,IB,ATL,MCO,779,1
11,4,2255,DL,ORD,FLL,1982,1
1,6,125,BA,SEA,JFK,1625,1
4,7,1740,AF,JFK,PHX,2478,1
1,7,1850,LH,DFW,LAX,400,0
12,4,25,DL,LAX,MCO,1654,1
12,7,1640,B6,DEN,PHX,2380,0
12,7,710,TP,MIA,ATL,2726,1
8,5,1125,IB,DEN,ORD,1358,0
5,2,720,BA,SFO,PHX,786,0
12,1,835,IB,BOS,JFK,2815,1
8,4,2125,WN,SFO,JFK,2430,0
3,2,2035,LH,BOS,SEA,1875,0
5,6,2210,UA,LAX,JFK,246,0
9,7,730,LH,ORD,LAS,1510,0
10,7,2345,IB,ATL,SEA,1675,1
5,6,45,UA,MIA,JFK,1364,0
12,3,1535,IB,DFW,LAS,1198,0
3,4,625,LH,MIA,SFO,2684,0
11,7,320,IB,SFO,LAX,931,0
